Aloden LLC,https://www1.jobdiva.com/portal/?a=1tjdnwlj4hh2toxd0s7w60rx4uomoo0addgadx1d611tgt2yiouy4udiser5hj2g&compid=-1#/
Aita Consulting Services Inc.,https://jobsapi.ceipal.com/APISource/v1/index.html?bgcolor=1ba1ff&api_key=WEhBZ0hUaGZIVmRtaU1seUJIbGhPQT09&cp_id=Z3RkUkt2OXZJVld2MjFpOVRSTXoxZz09
APN Consulting Inc.,https://www1.jobdiva.com/portal/?a=xljdnwfnkqhs5at7ayj3b8lz3qkfkz0066mhtjhu4qb6fj2x7o0cr2rdny2rrxkl&compid=0#/
ARK Solutions Inc.,https://www2.jobdiva.com/portal/?a=hdjdnwt3oqdy1dsj4sou8i7vyoimqj03bekdzg89i3qyi2p5pohpfah42mexnfsd&compid=0#/
Calsoft Labs Inc.,https://www2.jobdiva.com/portal/?a=m9jdnw9bk529dob7b0nhj8hmrmhgxe030ekfy8ww115xk0jkq5bxt25ll3hbstat&compid=-1#/
Charter Global Inc.,https://jobsapi.ceipal.com/APISource/v2/index.html?bgcolor=1ba1ff&api_key=bHdQOVZnMXFLSWM5K09RYmREdlVxZz09&cp_id=
Code Tech Inc,https://jobsapi.ceipal.com/APISource/v4/index.html?bgcolor=1ba1ff&api_key=OGc5ckM5cHlHZjhlcnBHc2xkRWlRQT09&cp_id=Z3RkUkt2OXZJVld2MjFpOVRSTXoxZz09
cyberThink,https://www2.jobdiva.com/portal/?a=mjjdnwcilxhqy7epm9098x5zp76wdb0a5d2fvc8cczlm6pnpgrqhla8uctgjm1pf&compid=-1#/
DECHEN CONSULTING GROUP INC.,https://www2.jobdiva.com/portal/?a=cojdnwfouhl1niksfx6fesga32blwr0af22j37hapx0vwrsbo77mv52baa6tnhma&compid=-1#/
Echo IT Solutions Inc,https://www1.jobdiva.com/portal/?a=dejdnwk3cvn3e2ee5oxu4qnai4vd5a0a807a9stx30evw26svsceqdmqvdd0tgg7&compid=-1#/
Dimensional Thinking LLC,https://jobsapi.ceipal.com/APISource/v3/index.html?bgcolor=1ba1ff&api_key=M1ZBUTN1TlQ0QWpnRzJMTGxoRGZSUT09&cp_id=Z3RkUkt2OXZJVld2MjFpOVRSTXoxZz09
Expedite Technology Solutions LLC,https://www2.jobdiva.com/portal/?a=m0jdnwhxchkqupe3v05u7ukewhoofs03cdtb9fkmmvcvqf58l5mr64elovcmibzy#/
ESK GROUP INC DBA Technova Global,https://jobsapi.ceipal.com/APISource/v1/index.html?bgcolor=1ba1ff&api_key=NFF5eFBZbjhQMENuM3lidEJseG5GZz09&cp_id=Z3RkUkt2OXZJVld2MjFpOVRSTXoxZz09
GTT LLC,https://www1.jobdiva.com/portal/?a=5cjdnwenzpqejkgxijtvgahld0va90009c0e3c8jutidwbg0unjxodtsm81az828&compid=0#/
Futran Solutions Inc,https://jobsapi.ceipal.com/APISource/v1/index.html?bgcolor=1ba1ff&api_key=cUFLaGZ0SUVQallHTWFpK2FSQ3Z4dz09&cp_id=Z3RkUkt2OXZJVld2MjFpOVRSTXoxZz09
GlobalPoint Inc,https://jobsapi.ceipal.com/APISource/v1/index.html?bgcolor=1ba1ff&api_key=ejkzQUtRZ3JuN1V2M1NOa00xam04Zz09&cp_id=Z3RkUkt2OXZJVld2MjFpOVRSTXoxZz09
GSK SOLUTIONS INC,https://jobsapi.ceipal.com/APISource/v1/index.html?bgcolor=1ba1ff&api_key=b0xDT2pNRVRSbUwwVms4Z3AydVpuZz09&cp_id=Z3RkUkt2OXZJVld2MjFpOVRSTXoxZz09
Intellectual Capitol Inc.,https://www1.jobdiva.com/portal/?a=cbjdnw0lxxfznplr0wz0a77kca9qq807dbe4lq2hhmpjl9udsyacdf4tx5nqvnq5&compid=0#/
INSTANTSERVE LLC,https://jobsapi.ceipal.com/APISource/v1/index.html?bgcolor=1ba1ff&api_key=VmdDVnJvdi90WWo5SEJ0M2hwVExxQT09&cp_id=Z3RkUkt2OXZJVld2MjFpOVRSTXoxZz09
International Solution Sources Inc ,https://www1.jobdiva.com/portal/?a=62jdnw10t7d77ytz0lbaey9qxonk3b05a9tqw96rb7z6hlfo7xj79l9g6mp6aj2o&compid=0#/
IT SCIENT LLC,https://www.dice.com/company-profile/11f92951-9b79-54e4-9e69-9a4099c05724
INTERON IT SOLUTIONS LLC,https://jobsapi.ceipal.com/APISource/v2/index.html?bgcolor=1ba1ff&api_key=M1dVMTh0Tmk4NWFYdnE3eE5zd0RhZz09&cp_id=Z3RkUkt2OXZJVld2MjFpOVRSTXoxZz09
Ishmee Inc.,https://jobsapi.ceipal.com/APISource/v1/index.html?bgcolor=1ba1ff&api_key=elkwclUvOCtoZ1RwcUQwS0FWZEIxdz09&cp_id=Z3RkUkt2OXZJVld2MjFpOVRSTXoxZz09
Kyyba Inc.,https://www1.jobdiva.com/portal/?a=7ujdnwmz4uu40171n76wb533tedtri07f69d1vu8oho2xtrahg63pe94t3055tt2&compid=0#/
Jconnect Infotech Inc,https://jobsapi.ceipal.com/APISource/v2/index.html?bgcolor=1ba1ff&api_key=ZTVHYkU2VGV4aXFXd1dzN2ROV29OZz09&cp_id=Z3RkUkt2OXZJVld2MjFpOVRSTXoxZz09
LanceSoft Inc.,https://www2.jobdiva.com/portal/?a=3djdnw5yqdh8wl3frr5t6561tvvokq01affwpxt3lcutzo4f8yt1aeiy3msk02or&compid=0&SearchString=#/
Metasys Technologies Inc,https://www2.jobdiva.com/portal/?a=bpjdnwgu38j84sabghlw7x9mmxinki0297vano3tk7rjth7i2es8ayn8uhi63zh7&compid=0&hsutk=a21b1eff3de09c5127048f7b8eb4f84e&contentType=standard-page&pageId=10502537135#/
LingaTech Inc,https://www.lingatech.com/careers
M Consulting Services LLC,https://jobsapi.ceipal.com/APISource/v1/index.html?bgcolor=1a1a00&api_key=S3c3QU9zZEhmY21pL2VGL1JzNXlRZz09&cp_id=Z3RkUkt2OXZJVld2MjFpOVRSTXoxZz09
Megan Soft Inc,https://jobsapi.ceipal.com/APISource/v1/index.html?bgcolor=1ba1ff&api_key=a2FkTlpxc2g3anVYUkVYM3hmUmc1QT09&cp_id=Z3RkUkt2OXZJVld2MjFpOVRSTXoxZz09
Meritore Technologies,https://jobsapi.ceipal.com/APISource/v1/index.html?bgcolor=1ba1ff&api_key=ejU1aUwyQ0pvQ1hvbkpteXo0SlB5Zz09&cp_id=Z3RkUkt2OXZJVld2MjFpOVRSTXoxZz09
PeopleNTech LLC,https://www2.jobdiva.com/portal/?a=uyjdnwvshmgct11yupcty61zaotoqj0ae903es8j5sbb7vmns20xtqz6k0lzo6zk&compid=-1#/
Mindlance Inc,https://jobsapi.ceipal.com/APISource/v1/index.html?bgcolor=1ba1ff&api_key=cEpRSG55OXp3bXd1c2lURkk0N3d4QT09&cp_id=Z3RkUkt2OXZJVld2MjFpOVRSTXoxZz09
My3Tech Inc,https://jobsapi.ceipal.com/APISource/v1/index.html?bgcolor=1ba1ff&api_key=SHF5ZExGQjIrOFpoZkVsSkFraEFtQT09&cp_id=Z3RkUkt2OXZJVld2MjFpOVRSTXoxZz09
nLeague Services Inc,https://jobsapi.ceipal.com/APISource/v4/index.html?bgcolor=1ba1ff&api_key=M1VVR0Q5OHpNM3dodXVkbXFwRWJkQT09&cp_id=Z3RkUkt2OXZJVld2MjFpOVRSTXoxZz09
PNK Connections LLC,https://pnkconnections.com/careers/
PSR Associates Inc,https://www1.jobdiva.com/portal/?a=pkjdnw87g64tm7bwzo1dcg8yfh0xpx089a881hvwdcr0q41kbhgy0jnngfngmsiu#/
Precision Technologies Corp.,https://jobsapi.ceipal.com/APISource/v2/index.html?bgcolor=ff7e1b&api_key=QUl0ZUVRNUpRN3JUVzUvRXVublpWdz09&cp_id=Z3RkUkt2OXZJVld2MjFpOVRSTXoxZz09
Smart Information Management Systems Inc,https://www1.jobdiva.com/portal/?a=cmjdnw1bvyjxtq68o7g7dd2jm1091008baeky998vclszltgw5pmhzeoimy2btd7&compid=-1#/
Q1 Technologies Inc.,https://jobsapi.ceipal.com/APISource/v2/index.html?bgcolor=1ba1ff&api_key=TFlzbmhUZlBOckZiU2JJRjZoR2JNUT09&cp_id=Z3RkUkt2OXZJVld2MjFpOVRSTXoxZz09
RICEFW Technologies. Inc.,https://jobsapi.ceipal.com/APISource/v2/index.html?bgcolor=1ba1ff&api_key=UjlLbTVWRUE0bmNrM0Q4K0ppam1LZz09&cp_id=Z3RkUkt2OXZJVld2MjFpOVRSTXoxZz09
Sharp Decisions Inc.,https://bullhorn.sharpdecisions.com/#/jobs?source=LinkedIn
SIDRAM TECHNOLOGIES LLC,https://jobsapi.ceipal.com/APISource/v1/index.html?bgcolor=1ba1ff&api_key=dWNWcldpZ0hDYjU3dHJ3cTR0RjVXdz09&cp_id=Z3RkUkt2OXZJVld2MjFpOVRSTXoxZz09
SkyBridge Resources LLC,https://skybridgeresources.com/careers-portal/#/
SPECTAIT LLC,https://www1.jobdiva.com/portal/?a=kjjdnwah5voupzoetpyqr2lbil7zq50a671kcn4mln8r2uyarr9i2g8dciqitcu6&compid=0#/
Software Technology Inc,https://jobsapi.ceipal.com/APISource/v2/index.html?bgcolor=1ba1ff&api_key=bm9EUzRvVytnaWEvS05pSTZmWXNtQT09&cp_id=Z3RkUkt2OXZJVld2MjFpOVRSTXoxZz09
Sunrise Systems Inc,https://www1.jobdiva.com/portal/?a=wkjdnw09prvv1eg1pbdvc2i59i8c2x01161ji2zesa7n9avk5oeonhko8x19lmnq&compid=0#/
Stellar Professionals LLC,https://jobsapi.ceipal.com/APISource/v1/index.html?bgcolor=1ba1ff&api_key=dU1aS01yMUw3TlcybkZyWjRPajRyQT09&cp_id=
Syntricate Technologies Inc.,https://www1.jobdiva.com/portal/?a=qijdnwkcfji6ce2sbpmtvrqtkz4c1209b30fbm11245orqe0rjhoimty71n7k1lf&compid=0#/
US Tech Solutions Inc.,https://www1.jobdiva.com/portal/?a=6mjdnwi2x2jytfqco0udrwulgv41ah00acxltt71n0hot1h237mrqojkegb16j9w&compid=0&divisions=5&t=1729176258835#/?divisions=5&
Systechcorp Inc.,https://jobsapi.ceipal.com/APISource/v4/index.html?bgcolor=1ba1ff&api_key=U2NFTWNsbTlBTzVKbzI1VHNuU0xNQT09&cp_id=Z3RkUkt2OXZJVld2MjFpOVRSTXoxZz09
System Soft Technologies LLC,https://sstech.us/company/careers/client-based-opportunities/
Techgene Solutions LLC,https://jobsapi.ceipal.com/APISource/v2/index.html?bgcolor=1ba1ff&api_key=YTF5cE1YWTF4cWhxNWovbWx5RWRLZz09&cp_id=Z3RkUkt2OXZJVld2MjFpOVRSTXoxZz09
Technocraft Solutions LLC,https://jobsapi.ceipal.com/APISource/v1/index.html?bgcolor=1ba1ff&api_key=QktpRENBY0wzUXZGRnBzeEQvazRpUT09&cp_id=Z3RkUkt2OXZJVld2MjFpOVRSTXoxZz09
Techstand LLC,https://jobsapi.ceipal.com/APISource/v2/index.html?bgcolor=1ba1ff&api_key=UjlLbTVWRUE0bmNrM0Q4K0ppam1LZz09&cp_id=UGtpQkJSTEZ3Z0xBaDdsN1QwOXBIUT09
TekWissen LLC,https://jobsapi.ceipal.com/APISource/v2/index.html?bgcolor=1ba1ff&api_key=MHZZelF1dXpROC9EU2ZSUzV4blpBdz09&cp_id=Z3RkUkt2OXZJVld2MjFpOVRSTXoxZz09
TMS LLC,https://jobsapi.ceipal.com/APISource/v4/index.html?bgcolor=000000&api_key=UEVNbW9ZUUxUYUVramtuNVUrZEFFQT09&cp_id=Z3RkUkt2OXZJVld2MjFpOVRSTXoxZz09
Trilyon Inc.,https://jobsapi.ceipal.com/APISource/v4/index.html?bgcolor=1ba1ff&api_key=ZTJ2WCsxSzQ1OUZrTDBCWG05VjdOUT09&cp_id=Z3RkUkt2OXZJVld2MjFpOVRSTXoxZz09
Tryfacta Inc.,https://www2.jobdiva.com/portal/?a=3ejdnwcjr49xj2cj2wi00lx85kxtgv0a5btna9l37dse5zbe4j6g2pspffjfs3hz&compid=-1#/
V Group Inc.,https://jobsapi.ceipal.com/APISource/v2/index.html?bgcolor=1ba1ff&api_key=a0tnNFhjT201YTdycWtyTW5saUJNdz09&cp_id=Z3RkUkt2OXZJVld2MjFpOVRSTXoxZz09
vTech Solution Inc,https://jobsapi.ceipal.com/APISource/v1/index.html?bgcolor=c22ba4&api_key=bnZIMmZ5YnE1bjNabmw4ckFiY0Ridz09&cp_id=UGtpQkJSTEZ3Z0xBaDdsN1QwOXBIUT09
Zillion Technologies Inc,https://jobsapi.ceipal.com/APISource/v4/index.html?bgcolor=2c3e7a&api_key=TXM4dVlsY2tSbzVnK2xHc1orQWpkQT09&cp_id=Z3RkUkt2OXZJVld2MjFpOVRSTXoxZz09
Ztek Consulting Inc,https://jobsapi.ceipal.com/APISource/v3/index.html?bgcolor=1ba1ff&api_key=dkJoUXpHVXFwVERUQmh1TmtGN2VIdz09&cp_id=Z3RkUkt2OXZJVld2MjFpOVRSTXoxZz09